{
  "FixedTime": {
    "method": "FixedTime",
    "avg_queue": 776.0944444444444,
    "max_queue": 1421.0,
    "avg_waiting_time": 99.5313213408467,
    "max_waiting_time": 512.5773732119636,
    "avg_delay": 76539.58611111112,
    "total_throughput": 815,
    "total_stops": 83650,
    "avg_travel_time": 372.8166602291747,
    "completed_vehicles": 7767,
    "steps": 360
  },
  "MaxPressure": {
    "method": "MaxPressure",
    "avg_queue": 705.3194444444445,
    "max_queue": 1162.0,
    "avg_waiting_time": 108.86734575928335,
    "max_waiting_time": 567.3888166449935,
    "avg_delay": 83718.98888888888,
    "total_throughput": 828,
    "total_stops": 76004,
    "avg_travel_time": 359.5034991729228,
    "completed_vehicles": 7859,
    "steps": 360
  },
  "SignalClaw": {
    "method": "SignalClaw",
    "avg_queue": 531.6305555555556,
    "max_queue": 894.0,
    "avg_waiting_time": 48.96227062563214,
    "max_waiting_time": 234.09102730819245,
    "avg_delay": 37651.98611111111,
    "total_throughput": 755,
    "total_stops": 57258,
    "avg_travel_time": 334.351428927992,
    "completed_vehicles": 8013,
    "steps": 360
  },
  "SignalClaw-Seed": {
    "method": "SignalClaw-Seed",
    "avg_queue": 747.6111111111111,
    "max_queue": 1573.0,
    "avg_waiting_time": 126.89127654963157,
    "max_waiting_time": 822.1274382314695,
    "avg_delay": 97579.39166666666,
    "total_throughput": 755,
    "total_stops": 80578,
    "avg_travel_time": 361.7577250932339,
    "completed_vehicles": 7508,
    "steps": 360
  },
  "SignalClaw-Evolved": {
    "method": "SignalClaw-Evolved",
    "avg_queue": 806.0138888888889,
    "max_queue": 1575.0,
    "avg_waiting_time": 163.60921832105188,
    "max_waiting_time": 819.590377113134,
    "avg_delay": 125815.48888888888,
    "total_throughput": 735,
    "total_stops": 86882,
    "avg_travel_time": 345.9705550859397,
    "completed_vehicles": 7098,
    "steps": 360
  }
}